school_name,year,total_candidates,main_admitted,reserve_admitted,retained,poached,unplaced,retention_rate
國立臺中科技大學,113,176,58,118,57,64,55,32.4
國立臺中科技大學,114,172,57,115,56,55,61,32.6
國立臺中科技大學,115,168,57,111,53,70,45,31.5
國立臺北商業大學,113,93,31,62,45,37,11,48.4
國立臺北商業大學,114,88,26,62,26,41,21,29.5
國立臺北商業大學,115,106,32,74,40,51,15,37.7
國立高雄科技大學,113,109,36,73,43,39,27,39.4
國立高雄科技大學,114,96,32,64,39,42,15,40.6
國立高雄科技大學,115,91,30,61,28,39,24,30.8
逢甲大學,113,81,61,20,61,19,1,75.3
逢甲大學,114,196,65,131,87,76,33,44.4
逢甲大學,115,192,66,126,84,66,42,43.8
