學年度,全國大一入學新生推估數,統測商管群總報名人數,公立商管預估報考率,中科財稅新生生源基數,中科財稅日間註冊率推估,風險評級
113,204300,24200,100.0%,80,100.0%,穩健安全
114,198500,23100,100.0%,80,98.8%,穩健安全
115,192800,22000,100.0%,80,98.5%,穩健安全
116,186400,20800,100.0%,80,98.0%,穩健安全
117,177200,19400,98.5%,80,97.5%,虎年海嘯首波衝擊
118,172100,18700,98.0%,80,97.0%,微幅承壓
119,169500,18200,97.5%,80,96.5%,微幅承壓
120,165400,17600,97.0%,80,96.0%,需防範同城逢甲強勢吸磁
121,161800,17100,96.5%,80,95.5%,公立財稅品牌價值支撐
122,158200,16600,96.0%,80,95.0%,公立財稅品牌價值支撐
123,154600,16100,95.5%,80,94.5%,推動租稅科技與碳資產雙專長
124,151000,15600,95.0%,80,94.0%,推動租稅科技與碳資產雙專長
125,147500,15100,94.5%,80,93.5%,國稅公職保障效益擴大
126,144100,14600,94.0%,80,93.0%,碩士班/學士班資源重組期
127,140800,14100,93.5%,80,92.5%,碩士班/學士班資源重組期
128,137500,13600,93.0%,80,92.0%,少子化海嘯深水區保衛戰
