學校代碼,學校名稱,公私立,學校類型,縣市,113全校總人數,113大一新生實招,日間大一生,進修大一生,117存活分層,117預估存活率,117命運與因應策略推估
0053,國立高雄科技大學,公立,科技大學,50 高雄市,27394,7073,5641,1432,公立安全區,100%,國家預算全額支持，絕無退場風險；進修部面臨整併
0050,國立臺中科技大學,公立,科技大學,19 臺中市,15762,3447,2447,1000,公立安全區,100%,國家預算全額支持，絕無退場風險；進修部面臨整併
1037,正修科技大學,私立,科技大學,12 高雄市,14957,3497,2226,1271,第一梯隊 (企業財團/超大校),98~100%,財團注資或學生規模逾萬人，安全存活
1023,南臺科技大學,私立,科技大學,11 臺南市,14507,3722,3195,527,第一梯隊 (企業財團/超大校),98~100%,財團注資或學生規模逾萬人，安全存活
0025,國立臺北科技大學,公立,科技大學,30 臺北市,13493,3988,3259,729,公立安全區,100%,國家預算全額支持，絕無退場風險；進修部面臨整併
1018,朝陽科技大學,私立,科技大學,06 臺中市,13152,3333,3110,223,第一梯隊 (企業財團/超大校),98~100%,財團注資或學生規模逾萬人，安全存活
0043,國立勤益科技大學,公立,科技大學,06 臺中市,12510,3349,2355,994,公立安全區,100%,國家預算全額支持，絕無退場風險；進修部面臨整併
0033,國立虎尾科技大學,公立,科技大學,09 雲林縣,11975,3333,2644,689,公立安全區,100%,國家預算全額支持，絕無退場風險；進修部面臨整併
0022,國立臺灣科技大學,公立,科技大學,30 臺北市,11849,4044,3711,333,公立安全區,100%,國家預算全額支持，絕無退場風險；進修部面臨整併
1030,龍華科技大學,私立,科技大學,03 桃園市,11340,2922,2143,779,第一梯隊 (企業財團/超大校),98~100%,財團注資或學生規模逾萬人，安全存活
1034,弘光科技大學,私立,科技大學,06 臺中市,11320,2570,1784,786,第一梯隊 (企業財團/超大校),98~100%,財團注資或學生規模逾萬人，安全存活
1078,致理科技大學,私立,科技大學,01 新北市,10857,2485,1965,520,第一梯隊 (企業財團/超大校),98~100%,財團注資或學生規模逾萬人，安全存活
0023,國立雲林科技大學,公立,科技大學,09 雲林縣,10470,3046,2735,311,公立安全區,100%,國家預算全額支持，絕無退場風險；進修部面臨整併
0024,國立屏東科技大學,公立,科技大學,13 屏東縣,10003,2631,2313,318,公立安全區,100%,國家預算全額支持，絕無退場風險；進修部面臨整併
1032,明新科技大學,私立,科技大學,04 新竹縣,9909,2040,1357,683,第二梯隊 (剛需特色/穩健轉型),80~90%,醫護執照剛需或工科產學穩固，縮編後穩健存活
1051,台南應用科技大學,私立,科技大學,11 臺南市,9088,2125,1822,303,第二梯隊 (剛需特色/穩健轉型),80~90%,醫護執照剛需或工科產學穩固，縮編後穩健存活
1025,嘉南藥理大學,私立,科技大學,11 臺南市,8910,2023,1785,238,第二梯隊 (剛需特色/穩健轉型),80~90%,醫護執照剛需或工科產學穩固，縮編後穩健存活
1071,臺北城市科技大學,私立,科技大學,30 臺北市,8778,2375,2034,341,第二梯隊 (剛需特色/穩健轉型),80~90%,醫護執照剛需或工科產學穩固，縮編後穩健存活
1036,健行科技大學,私立,科技大學,03 桃園市,8777,2007,1289,718,第二梯隊 (剛需特色/穩健轉型),80~90%,醫護執照剛需或工科產學穩固，縮編後穩健存活
1045,嶺東科技大學,私立,科技大學,19 臺中市,8355,2163,1542,621,第二梯隊 (剛需特色/穩健轉型),80~90%,醫護執照剛需或工科產學穩固，縮編後穩健存活
1031,輔英科技大學,私立,科技大學,12 高雄市,8280,1334,1234,100,第二梯隊 (剛需特色/穩健轉型),80~90%,醫護執照剛需或工科產學穩固，縮編後穩健存活
1026,樹德科技大學,私立,科技大學,12 高雄市,8226,2133,1562,571,第二梯隊 (剛需特色/穩健轉型),80~90%,醫護執照剛需或工科產學穩固，縮編後穩健存活
1024,崑山科技大學,私立,科技大學,11 臺南市,8173,1961,1539,422,第二梯隊 (剛需特色/穩健轉型),80~90%,醫護執照剛需或工科產學穩固，縮編後穩健存活
1062,僑光科技大學,私立,科技大學,19 臺中市,7995,2153,1298,855,第二梯隊 (剛需特色/穩健轉型),80~90%,醫護執照剛需或工科產學穩固，縮編後穩健存活
1038,萬能科技大學,私立,科技大學,03 桃園市,7881,2260,1603,657,第二梯隊 (剛需特色/穩健轉型),80~90%,醫護執照剛需或工科產學穩固，縮編後穩健存活
1284,樹人醫護管理專科學校,私立,專科學校,12 高雄市,7213,1726,1477,249,第二梯隊 (剛需特色/穩健轉型),80~90%,醫護執照剛需或工科產學穩固，縮編後穩健存活
1055,中華醫事科技大學,私立,科技大學,11 臺南市,6968,1234,1139,95,第二梯隊 (剛需特色/穩健轉型),80~90%,醫護執照剛需或工科產學穩固，縮編後穩健存活
1075,文藻外語大學,私立,科技大學,50 高雄市,6849,1539,1385,154,第二梯隊 (剛需特色/穩健轉型),80~90%,醫護執照剛需或工科產學穩固，縮編後穩健存活
1047,中臺科技大學,私立,科技大學,19 臺中市,6102,1142,858,284,第二梯隊 (剛需特色/穩健轉型),80~90%,醫護執照剛需或工科產學穩固，縮編後穩健存活
1070,長庚科技大學,私立,科技大學,03 桃園市,5988,923,882,41,第一梯隊 (企業財團/超大校),98~100%,財團注資或學生規模逾萬人，安全存活
1292,新生醫護管理專科學校,私立,專科學校,03 桃園市,5961,1232,1189,43,第二梯隊 (剛需特色/穩健轉型),80~90%,醫護執照剛需或工科產學穩固，縮編後穩健存活
1073,醒吾科技大學,私立,科技大學,01 新北市,5634,1363,1154,209,第三梯隊 (損益邊緣/生死拉鋸),40~55%,生源腰斬，高度仰賴名額寄存與新南向專班自救
1046,中國科技大學,私立,科技大學,30 臺北市,5561,1198,976,222,第三梯隊 (損益邊緣/生死拉鋸),40~55%,生源腰斬，高度仰賴名額寄存與新南向專班自救
1283,仁德醫護管理專科學校,私立,專科學校,05 苗栗縣,5458,1136,890,246,第二梯隊 (剛需特色/穩健轉型),80~90%,醫護執照剛需或工科產學穩固，縮編後穩健存活
1057,德明財經科技大學,私立,科技大學,30 臺北市,5086,1069,980,89,第三梯隊 (損益邊緣/生死拉鋸),40~55%,生源腰斬，高度仰賴名額寄存與新南向專班自救
1183,黎明技術學院,私立,技術學院,01 新北市,4924,1442,971,471,第三梯隊 (損益邊緣/生死拉鋸),40~55%,生源腰斬，高度仰賴名額寄存與新南向專班自救
1064,美和科技大學,私立,科技大學,13 屏東縣,4460,730,604,126,第三梯隊 (損益邊緣/生死拉鋸),40~55%,生源腰斬，高度仰賴名額寄存與新南向專班自救
1041,明志科技大學,私立,科技大學,01 新北市,4383,1285,1278,7,第一梯隊 (企業財團/超大校),98~100%,財團注資或學生規模逾萬人，安全存活
1054,景文科技大學,私立,科技大學,01 新北市,4354,1037,847,190,第三梯隊 (損益邊緣/生死拉鋸),40~55%,生源腰斬，高度仰賴名額寄存與新南向專班自救
1080,宏國德霖科技大學,私立,科技大學,01 新北市,4292,821,644,177,第三梯隊 (損益邊緣/生死拉鋸),40~55%,生源腰斬，高度仰賴名額寄存與新南向專班自救
1282,馬偕醫護管理專科學校,私立,專科學校,30 臺北市,4046,910,872,38,第二梯隊 (剛需特色/穩健轉型),80~90%,醫護執照剛需或工科產學穩固，縮編後穩健存活
1084,亞東科技大學,私立,科技大學,01 新北市,3950,1134,1134,0,第一梯隊 (企業財團/超大校),98~100%,財團注資或學生規模逾萬人，安全存活
1065,吳鳳科技大學,私立,科技大學,10 嘉義縣,3933,942,664,278,第三梯隊 (損益邊緣/生死拉鋸),40~55%,生源腰斬，高度仰賴名額寄存與新南向專班自救
1286,耕莘健康管理專科學校,私立,專科學校,01 新北市,3931,790,694,96,第三梯隊 (損益邊緣/生死拉鋸),40~55%,生源腰斬，高度仰賴名額寄存與新南向專班自救
1043,大仁科技大學,私立,科技大學,13 屏東縣,3809,733,634,99,第三梯隊 (損益邊緣/生死拉鋸),40~55%,生源腰斬，高度仰賴名額寄存與新南向專班自救
1083,台北海洋科技大學,私立,科技大學,01 新北市,3621,826,678,148,第三梯隊 (損益邊緣/生死拉鋸),40~55%,生源腰斬，高度仰賴名額寄存與新南向專班自救
1053,元培醫事科技大學,私立,科技大學,18 新竹市,3571,698,605,93,第二梯隊 (剛需特色/穩健轉型),80~90%,醫護執照剛需或工科產學穩固，縮編後穩健存活
1056,東南科技大學,私立,科技大學,01 新北市,3556,871,746,125,第三梯隊 (損益邊緣/生死拉鋸),40~55%,生源腰斬，高度仰賴名額寄存與新南向專班自救
1040,建國科技大學,私立,科技大學,07 彰化縣,3497,749,486,263,第三梯隊 (損益邊緣/生死拉鋸),40~55%,生源腰斬，高度仰賴名額寄存與新南向專班自救
1063,育達科技大學,私立,科技大學,05 苗栗縣,3386,675,462,213,第三梯隊 (損益邊緣/生死拉鋸),40~55%,生源腰斬，高度仰賴名額寄存與新南向專班自救
1069,修平科技大學,私立,科技大學,06 臺中市,3358,620,469,151,第三梯隊 (損益邊緣/生死拉鋸),40~55%,生源腰斬，高度仰賴名額寄存與新南向專班自救
1287,敏惠醫護管理專科學校,私立,專科學校,11 臺南市,3306,522,473,49,第四梯隊 (高危深水/預估退場),< 15%,大一生跌破500人，現金流枯竭，預估117年前後停招停辦
1185,德育護理健康學院,私立,科技大學,17 基隆市,3167,507,406,101,第四梯隊 (高危深水/預估退場),< 15%,大一生跌破500人，現金流枯竭，預估117年前後停招停辦
1293,崇仁醫護管理專科學校,私立,專科學校,10 嘉義縣,2957,599,599,0,第四梯隊 (高危深水/預估退場),< 15%,大一生跌破500人，現金流枯竭，預估117年前後停招停辦
1061,中華科技大學,私立,科技大學,30 臺北市,2866,646,445,201,第四梯隊 (高危深水/預估退場),< 15%,大一生跌破500人，現金流枯竭，預估117年前後停招停辦
1060,南開科技大學,私立,科技大學,08 南投縣,2438,628,471,157,第四梯隊 (高危深水/預估退場),< 15%,大一生跌破500人，現金流枯竭，預估117年前後停招停辦
0042,國立澎湖科技大學,公立,科技大學,16 澎湖縣,2388,547,485,62,公立安全區,100%,國家預算全額支持，絕無退場風險；進修部面臨整併
0221,國立臺南護理專科學校,公立,專科學校,21 臺南市,1992,453,428,25,公立安全區,100%,國家預算全額支持，絕無退場風險；進修部面臨整併
1168,南亞技術學院,私立,技術學院,03 桃園市,1824,327,238,89,第四梯隊 (高危深水/預估退場),< 15%,大一生跌破500人，現金流枯竭，預估117年前後停招停辦
1285,慈惠醫護管理專科學校,私立,專科學校,13 屏東縣,1798,320,265,55,第四梯隊 (高危深水/預估退場),< 15%,大一生跌破500人，現金流枯竭，預估117年前後停招停辦
1052,中信科技大學,私立,科技大學,11 臺南市,1774,449,313,136,第一梯隊 (企業財團/超大校),98~100%,財團注資或學生規模逾萬人，安全存活
1289,育英醫護管理專科學校,私立,專科學校,50 高雄市,1704,290,290,0,第四梯隊 (高危深水/預估退場),< 15%,大一生跌破500人，現金流枯竭，預估117年前後停招停辦
1291,聖母醫護管理專科學校,私立,專科學校,02 宜蘭縣,1416,320,222,98,第四梯隊 (高危深水/預估退場),< 15%,大一生跌破500人，現金流枯竭，預估117年前後停招停辦
1042,台鋼科技大學,私立,科技大學,12 高雄市,1240,502,372,130,第一梯隊 (企業財團/超大校),98~100%,財團注資或學生規模逾萬人，安全存活
1082,崇右影藝科技大學,私立,科技大學,17 基隆市,1114,321,321,0,第四梯隊 (高危深水/預估退場),< 15%,大一生跌破500人，現金流枯竭，預估117年前後停招停辦
1072,敏實科技大學,私立,科技大學,04 新竹縣,1071,400,311,89,第四梯隊 (高危深水/預估退場),< 15%,大一生跌破500人，現金流枯竭，預估117年前後停招停辦
1076,華夏科技大學,私立,科技大學,01 新北市,822,0,0,0,已退場/停辦,0%,已核定停辦或全數捐贈公立大學
0222,國立臺東專科學校,公立,專科學校,14 臺東縣,597,213,175,38,公立安全區,100%,國家預算全額支持，絕無退場風險；進修部面臨整併
1044,聖約翰科技大學,私立,科技大學,01 新北市,467,78,36,42,第四梯隊 (高危深水/預估退場),< 15%,大一生跌破500人，現金流枯竭，預估117年前後停招停辦
0144,國立臺灣戲曲學院,公立,科技大學,30 臺北市,449,111,111,0,公立安全區,100%,國家預算全額支持，絕無退場風險；進修部面臨整併
1148,大漢技術學院,私立,技術學院,15 花蓮縣,310,0,0,0,已退場/停辦,0%,已核定停辦或全數捐贈公立大學
1195,馬偕醫學院,私立,科技大學,01 新北市,57,0,0,0,第四梯隊 (高危深水/預估退場),< 15%,大一生跌破500人，現金流枯竭，預估117年前後停招停辦
