學校代碼,學校名稱,公私立,縣市,113全校總人數,113大一新生實招,日間大一生,進修大一生,117存活分層,117預估存活率,117命運與因應策略推估
0003,國立臺灣大學,公立,30 臺北市,34487,9604,9036,568,公立頂大與國立普大,100%,國家財政全額保障，穩如泰山；偏遠國立文組錄取分下修
1002,輔仁大學,私立,01 新北市,25627,6516,5120,1396,老牌名校/醫大/財團校,95~100%,校友與品牌護城河深厚，大校吸磁，但冷門人文外語系被迫裁撤停招
0005,國立成功大學,公立,21 臺南市,23381,7030,6479,551,公立頂大與國立普大,100%,國家財政全額保障，穩如泰山；偏遠國立文組錄取分下修
1005,淡江大學,私立,01 新北市,22276,5440,5166,274,老牌名校/醫大/財團校,95~100%,校友與品牌護城河深厚，大校吸磁，但冷門人文外語系被迫裁撤停招
0007,國立陽明交通大學,公立,18 新竹市,22117,6465,5824,641,公立頂大與國立普大,100%,國家財政全額保障，穩如泰山；偏遠國立文組錄取分下修
1007,逢甲大學,私立,19 臺中市,21462,5482,4867,615,老牌名校/醫大/財團校,95~100%,校友與品牌護城河深厚，大校吸磁，但冷門人文外語系被迫裁撤停招
0002,國立清華大學,公立,18 新竹市,18269,5260,4775,485,公立頂大與國立普大,100%,國家財政全額保障，穩如泰山；偏遠國立文組錄取分下修
1006,中國文化大學,私立,30 臺北市,17709,3607,3189,418,老牌名校/醫大/財團校,95~100%,校友與品牌護城河深厚，大校吸磁，但冷門人文外語系被迫裁撤停招
1016,銘傳大學,私立,30 臺北市,17287,4194,3981,213,老牌名校/醫大/財團校,95~100%,校友與品牌護城河深厚，大校吸磁，但冷門人文外語系被迫裁撤停招
0001,國立政治大學,公立,30 臺北市,16899,4354,3800,554,公立頂大與國立普大,100%,國家財政全額保障，穩如泰山；偏遠國立文組錄取分下修
1004,中原大學,私立,03 桃園市,16510,4252,3933,319,老牌名校/醫大/財團校,95~100%,校友與品牌護城河深厚，大校吸磁，但冷門人文外語系被迫裁撤停招
0006,國立中興大學,公立,19 臺中市,15845,4593,3788,805,公立頂大與國立普大,100%,國家財政全額保障，穩如泰山；偏遠國立文組錄取分下修
1001,東海大學,私立,19 臺中市,15586,3886,3645,241,老牌名校/醫大/財團校,95~100%,校友與品牌護城河深厚，大校吸磁，但冷門人文外語系被迫裁撤停招
1003,東吳大學,私立,30 臺北市,14958,3532,3172,360,老牌名校/醫大/財團校,95~100%,校友與品牌護城河深厚，大校吸磁，但冷門人文外語系被迫裁撤停招
0008,國立中央大學,公立,03 桃園市,12563,3943,3391,552,公立頂大與國立普大,100%,國家財政全額保障，穩如泰山；偏遠國立文組錄取分下修
0013,國立中正大學,公立,10 嘉義縣,11553,3326,2819,507,公立頂大與國立普大,100%,國家財政全額保障，穩如泰山；偏遠國立文組錄取分下修
0018,國立嘉義大學,公立,20 嘉義市,11349,2976,2329,647,公立頂大與國立普大,100%,國家財政全額保障，穩如泰山；偏遠國立文組錄取分下修
1015,世新大學,私立,30 臺北市,11028,2847,2495,352,老牌名校/醫大/財團校,95~100%,校友與品牌護城河深厚，大校吸磁，但冷門人文外語系被迫裁撤停招
0009,國立中山大學,公立,50 高雄市,10948,3379,3022,357,公立頂大與國立普大,100%,國家財政全額保障，穩如泰山；偏遠國立文組錄取分下修
1014,義守大學,私立,12 高雄市,10805,2472,2198,274,老牌名校/醫大/財團校,95~100%,校友與品牌護城河深厚，大校吸磁，但冷門人文外語系被迫裁撤停招
1048,亞洲大學,私立,06 臺中市,10776,2917,2689,228,老牌名校/醫大/財團校,95~100%,校友與品牌護城河深厚，大校吸磁，但冷門人文外語系被迫裁撤停招
1008,靜宜大學,私立,06 臺中市,10589,2588,2464,124,老牌名校/醫大/財團校,95~100%,校友與品牌護城河深厚，大校吸磁，但冷門人文外語系被迫裁撤停招
0020,國立東華大學,公立,15 花蓮縣,10266,2543,2364,179,公立頂大與國立普大,100%,國家財政全額保障，穩如泰山；偏遠國立文組錄取分下修
1017,實踐大學,私立,30 臺北市,10225,2522,2315,207,老牌名校/醫大/財團校,95~100%,校友與品牌護城河深厚，大校吸磁，但冷門人文外語系被迫裁撤停招
0017,國立臺北大學,公立,01 新北市,10142,2772,2131,641,公立頂大與國立普大,100%,國家財政全額保障，穩如泰山；偏遠國立文組錄取分下修
1010,元智大學,私立,03 桃園市,9114,2552,2403,149,老牌名校/醫大/財團校,95~100%,校友與品牌護城河深厚，大校吸磁，但冷門人文外語系被迫裁撤停招
0012,國立臺灣海洋大學,公立,17 基隆市,9102,2574,2195,379,公立頂大與國立普大,100%,國家財政全額保障，穩如泰山；偏遠國立文組錄取分下修
0052,國立屏東大學,公立,13 屏東縣,8740,2221,1938,283,公立頂大與國立普大,100%,國家財政全額保障，穩如泰山；偏遠國立文組錄取分下修
3002,臺北市立大學,私立,30 臺北市,8099,2117,1736,381,中度拉鋸觀察區,65~75%,需大幅寄存名額、裁撤弱勢系所自保
0032,國立聯合大學,公立,05 苗栗縣,7594,1934,1687,247,公立頂大與國立普大,100%,國家財政全額保障，穩如泰山；偏遠國立文組錄取分下修
1035,中國醫藥大學,私立,19 臺中市,7492,1784,1747,37,老牌名校/醫大/財團校,95~100%,校友與品牌護城河深厚，大校吸磁，但冷門人文外語系被迫裁撤停招
1009,長庚大學,私立,03 桃園市,7241,1916,1841,75,中度拉鋸觀察區,65~75%,需大幅寄存名額、裁撤弱勢系所自保
1029,中山醫學大學,私立,19 臺中市,7051,1724,1657,67,老牌名校/醫大/財團校,95~100%,校友與品牌護城河深厚，大校吸磁，但冷門人文外語系被迫裁撤停招
1019,高雄醫學大學,私立,50 高雄市,6667,1619,1549,70,老牌名校/醫大/財團校,95~100%,校友與品牌護城河深厚，大校吸磁，但冷門人文外語系被迫裁撤停招
0021,國立暨南國際大學,公立,08 南投縣,6635,1726,1569,157,公立頂大與國立普大,100%,國家財政全額保障，穩如泰山；偏遠國立文組錄取分下修
1028,臺北醫學大學,私立,30 臺北市,6204,1547,1439,108,老牌名校/醫大/財團校,95~100%,校友與品牌護城河深厚，大校吸磁，但冷門人文外語系被迫裁撤停招
0019,國立高雄大學,公立,50 高雄市,6064,1606,1430,176,公立頂大與國立普大,100%,國家財政全額保障，穩如泰山；偏遠國立文組錄取分下修
0036,國立臺南大學,公立,21 臺南市,5966,1598,1334,264,公立頂大與國立普大,100%,國家財政全額保障，穩如泰山；偏遠國立文組錄取分下修
0031,國立宜蘭大學,公立,02 宜蘭縣,5447,1450,1311,139,公立頂大與國立普大,100%,國家財政全額保障，穩如泰山；偏遠國立文組錄取分下修
0029,國立臺灣藝術大學,公立,01 新北市,5227,1241,804,437,公立頂大與國立普大,100%,國家財政全額保障，穩如泰山；偏遠國立文組錄取分下修
0030,國立臺東大學,公立,14 臺東縣,4928,1351,1044,307,公立頂大與國立普大,100%,國家財政全額保障，穩如泰山；偏遠國立文組錄取分下修
1033,長榮大學,私立,11 臺南市,4769,1083,971,112,中度拉鋸觀察區,65~75%,需大幅寄存名額、裁撤弱勢系所自保
1049,開南大學,私立,03 桃園市,4703,1484,1016,468,中度拉鋸觀察區,65~75%,需大幅寄存名額、裁撤弱勢系所自保
1020,南華大學,私立,10 嘉義縣,4690,1294,1076,218,中度拉鋸觀察區,65~75%,需大幅寄存名額、裁撤弱勢系所自保
1027,慈濟大學,私立,15 花蓮縣,3913,1009,1002,7,中度拉鋸觀察區,65~75%,需大幅寄存名額、裁撤弱勢系所自保
0048,國立金門大學,公立,71 金門縣,3823,994,750,244,公立頂大與國立普大,100%,國家財政全額保障，穩如泰山；偏遠國立文組錄取分下修
1012,大葉大學,私立,07 彰化縣,3634,897,775,122,高危深水/瀕臨退場,< 20%,註冊率跌破淹水線或新生數過低，117大限前面臨停招解散或轉型
1022,大同大學,私立,30 臺北市,3490,887,857,30,老牌名校/醫大/財團校,95~100%,校友與品牌護城河深厚，大校吸磁，但冷門人文外語系被迫裁撤停招
1011,中華大學,私立,18 新竹市,3234,636,557,79,已核定退場捐贈,0%,教育部2025/8核定：2026/2/1停招、2030/8/1停辦，全數捐贈清華大學
0028,國立臺北藝術大學,公立,30 臺北市,3213,805,751,54,公立頂大與國立普大,100%,國家財政全額保障，穩如泰山；偏遠國立文組錄取分下修
0049,國立臺灣體育運動大學,公立,19 臺中市,3090,801,680,121,公立頂大與國立普大,100%,國家財政全額保障，穩如泰山；偏遠國立文組錄取分下修
0044,國立體育大學,公立,03 桃園市,2782,735,652,83,公立頂大與國立普大,100%,國家財政全額保障，穩如泰山；偏遠國立文組錄取分下修
1050,佛光大學,私立,02 宜蘭縣,2525,643,567,76,高危深水/瀕臨退場,< 20%,註冊率跌破淹水線或新生數過低，117大限前面臨停招解散或轉型
1021,真理大學,私立,01 新北市,2322,327,324,3,高危深水/瀕臨退場,< 20%,註冊率跌破淹水線或新生數過低，117大限前面臨停招解散或轉型
0035,國立臺南藝術大學,公立,11 臺南市,1596,411,396,15,公立頂大與國立普大,100%,國家財政全額保障，穩如泰山；偏遠國立文組錄取分下修
1039,玄奘大學,私立,18 新竹市,1316,245,202,43,高危深水/瀕臨退場,< 20%,註冊率跌破淹水線或新生數過低，117大限前面臨停招解散或轉型
1013,華梵大學,私立,01 新北市,1063,349,259,90,高危深水/瀕臨退場,< 20%,註冊率跌破淹水線或新生數過低，117大限前面臨停招解散或轉型
1195,馬偕醫學院,私立,01 新北市,929,272,260,12,老牌名校/醫大/財團校,95~100%,校友與品牌護城河深厚，大校吸磁，但冷門人文外語系被迫裁撤停招
1125,中信金融管理學院,私立,21 臺南市,917,327,297,30,中度拉鋸觀察區,65~75%,需大幅寄存名額、裁撤弱勢系所自保
1196,法鼓文理學院,私立,01 新北市,390,107,72,35,中度拉鋸觀察區,65~75%,需大幅寄存名額、裁撤弱勢系所自保
1079,康寧大學,私立,30 臺北市,139,24,24,0,高危深水/瀕臨退場,< 20%,註冊率跌破淹水線或新生數過低，117大限前面臨停招解散或轉型
